date,total_registered,total_eligible,total_pledged,combined_total,delta_registered,delta_combined
2025-12-01,18112393.509000003,18244709.433999997,1940818.6939999997,36357102.943,,
2025-12-02,17942275.841000002,18339638.823,1952019.7029999997,36281914.664000005,-170117.66800000146,-75188.27899999917
2025-12-03,17866261.668,18403692.823999997,1935341.4239999999,36269954.492,-76014.17300000042,-11960.172000005841
2025-12-04,17861618.060000002,18385942.601999998,1935341.4239999999,36247560.662,-4643.607999999076,-22393.829999998212
2025-12-05,18033903.255000003,18276771.984999996,1899593.6909999999,36310675.239999995,172285.1950000003,63114.57799999416
2025-12-06,18033903.255000003,18276771.984999996,1899593.6909999999,36310675.239999995,0.0,0.0
2025-12-07,18033903.255000003,18276771.984999996,1899593.6909999999,36310675.239999995,0.0,0.0
2025-12-08,18463563.902999997,17749474.626999997,2010707.5469999996,36213038.529999994,429660.64799999446,-97636.7100000009
2025-12-09,18505191.898,17594027.261999995,2010707.5469999996,36099219.16,41627.99500000104,-113819.36999999732
2025-12-10,18802267.138,17307351.951999996,2010707.5469999996,36109619.089999996,297075.2400000021,10399.929999999702
2025-12-11,18936507.827999998,17179097.674999997,2010900.4529999995,36115605.50299999,134240.68999999762,5986.412999995053
2025-12-12,18953617.84,17014134.225,1998128.7289999998,35967752.065,17110.012000001967,-147853.43799999356
2025-12-13,18953617.84,17014134.225,1998128.7289999998,35967752.065,0.0,0.0
2025-12-14,18953617.84,17014134.225,1998128.7289999998,35967752.065,0.0,0.0
2025-12-15,19058393.961,16908837.685000002,1991242.5089999998,35967231.646,104776.12099999934,-520.4189999997616
2025-12-16,19191884.913,16799459.983000003,1991242.5089999998,35991344.896,133490.95199999958,24113.25
2025-12-17,19224678.933,16766665.963000001,1980647.4379999996,35991344.896,32794.01999999955,0.0
2025-12-18,19276088.382,16794071.663000003,1969701.0199999996,36070160.045,51409.449000000954,78815.14900000393
2025-12-19,19298561.931,16707360.428000001,2015413.233,36005922.359000005,22473.549000002444,-64237.68599999696
2025-12-20,19298561.931,16707360.428000001,2015413.233,36005922.359000005,0.0,0.0
2025-12-21,19298561.931,16707360.428000001,2015413.233,36005922.359000005,0.0,0.0
2025-12-22,19206738.675,16913351.885,2015413.233,36120090.56,-91823.25600000098,114168.20099999756
2025-12-23,19321903.562999997,16837361.630000003,2001427.554,36159265.193,115164.88799999654,39174.63300000131
2025-12-24,19361515.292,16797846.121,2001427.554,36159361.413,39611.729000002146,96.2199999988079
2025-12-25,19361515.292,16797846.121,2001427.554,36159361.413,0.0,0.0
2025-12-26,19361515.292,16829739.913,2001427.554,36191255.205,0.0,31893.79199999571
2025-12-27,19361515.292,16829739.913,2001427.554,36191255.205,0.0,0.0
2025-12-28,19361515.292,16829739.913,2001427.554,36191255.205,0.0,0.0
2025-12-29,19361515.292,16861858.762,2001427.554,36223374.054,0.0,32118.848999999464
2025-12-30,19361515.292,16894009.762,1991397.103,36255525.054,0.0,32151.0
2025-12-31,19361515.292,16894009.762,1962193.112,36255525.054,0.0,0.0
2026-01-01,19361515.292,16894009.762,1962193.112,36255525.054,0.0,0.0
2026-01-02,19361515.292,17041454.248,1962193.112,36402969.54,0.0,147444.48600000143
2026-01-03,19361515.292,17041454.248,1962193.112,36402969.54,0.0,0.0
2026-01-04,19361515.292,17041454.248,1962193.112,36402969.54,0.0,0.0
2026-01-05,19329396.443,17074055.362,1967593.662,36403451.805,-32118.848999999464,482.26500000059605
2026-01-06,19329396.443,17074055.362,1967593.662,36403451.805,0.0,0.0
2026-01-07,19345676.474,17057775.330999997,1857830.139,36403451.80499999,16280.030999999493,-7.450580596923828e-09
2026-01-08,19281342.323,17106033.981999997,1857830.1509999998,36387376.30499999,-64334.15100000054,-16075.5
2026-01-09,19180166.667999998,17131751.24,1857830.1509999998,36311917.90799999,-101175.65500000119,-75458.39699999988
2026-01-10,19180166.667999998,17131751.24,1857830.1509999998,36311917.90799999,0.0,0.0
2026-01-11,19180166.667999998,17131751.24,1857830.1509999998,36311917.90799999,0.0,0.0
2026-01-12,19250696.362,17061221.546,1954980.629,36311917.908,70529.694000002,7.450580596923828e-09
2026-01-13,19282815.211,17013027.196999997,1954980.629,36295842.40799999,32118.848999999464,-16075.50000000745
2026-01-14,18838070.427999996,17376815.759999998,1954980.629,36214886.18799999,-444744.78300000355,-80956.21999999881
2026-01-15,18823796.927999996,17309104.21,1930822.1520000002,36132901.138,-14273.5,-81985.04999999702
2026-01-16,18864396.637999997,17271504.49,1930822.1520000002,36135901.12799999,40599.710000000894,2999.9899999946356
2026-01-17,18864396.637999997,17271504.49,1930822.1520000002,36135901.12799999,0.0,0.0
2026-01-18,18864396.637999997,17271504.49,1930822.1520000002,36135901.12799999,0.0,0.0
2026-01-19,18864396.637999997,17271504.49,1930822.1520000002,36135901.12799999,0.0,0.0
2026-01-20,18864396.637999997,17271504.49,1925999.502,36135901.12799999,0.0,0.0
2026-01-21,18864396.637999997,17278483.186,1925999.502,36142879.824,0.0,6978.696000009775
2026-01-22,18846066.229,17298213.595,1911959.82,36144279.824,-18330.408999998122,1400.0
2026-01-23,18845680.416999996,17298599.407,1675095.299,36144279.824,-385.812000002712,0.0
2026-01-24,18845680.416999996,17298599.407,1675095.299,36144279.824,0.0,0.0
2026-01-25,18845680.416999996,17298599.407,1675095.299,36144279.824,0.0,0.0
2026-01-26,18847080.416999996,17094421.907,1675095.299,35941502.324,1400.0,-202777.5
2026-01-27,18833072.201999996,17108430.122,1602770.1580000003,35941502.324,-14008.214999999851,0.0
2026-01-28,18833072.201999996,17044128.122,1595825.6409999998,35877200.324,0.0,-64302.0
2026-01-29,18785246.159999996,17091954.164,1578834.9810000001,35877200.324,-47826.041999999434,0.0
2026-01-30,19038541.229,16710055.095,1568117.821,35748596.324,253295.069000002,-128604.0
2026-01-31,19038541.229,16710055.095,1568117.821,35748596.324,0.0,0.0
2026-02-01,19038541.229,16710055.095,1568117.821,35748596.324,0.0,0.0
2026-02-02,18995040.926000003,16630313.077999998,1580339.873,35625354.004,-43500.30299999565,-123242.3200000003
2026-02-03,18962351.559,16793181.844,1647430.7119999998,35755533.403,-32689.367000002414,130179.39899999648
2026-02-04,18896756.103,16794475.299999997,1841387.9350000003,35691231.403,-65595.45600000024,-64302.0
2026-02-05,18792604.787,16698903.397,1834196.9139999999,35491508.184,-104151.31599999964,-199723.21899999678
2026-02-06,18370216.368,16999889.111,1834196.9139999999,35370105.479,-422388.41899999976,-121402.70499999821
2026-02-07,18370216.368,16999889.111,1834196.9139999999,35370105.479,0.0,0.0
2026-02-08,18370216.368,16999889.111,1834196.9139999999,35370105.479,0.0,0.0
2026-02-09,18258988.991,17035123.651,1834196.9139999999,35294112.642000005,-111227.37700000033,-75992.8369999975
2026-02-10,17799159.769,17430650.873,1828313.281,35229810.642000005,-459829.22199999914,-64302.0
2026-02-11,17637450.64,17097594.851,1814231.1430000002,34735045.491,-161709.12900000066,-494765.151000008
2026-02-12,17588988.627,16859023.790999997,1762006.4619999998,34448012.418,-48462.01300000027,-287033.0729999989
2026-02-13,17576525.068,16839336.349999998,1762006.4619999998,34415861.418,-12463.559000000358,-32151.0
2026-02-14,17576525.068,16839336.349999998,1762006.4619999998,34415861.418,0.0,0.0
2026-02-15,17576525.068,16839336.349999998,1762006.4619999998,34415861.418,0.0,0.0
2026-02-16,17576525.068,16839336.349999998,1762006.4619999998,34415861.418,0.0,0.0
2026-02-17,17278274.645,17044527.655999996,1752068.2259999998,34322802.301,-298250.4230000004,-93059.11699999869
2026-02-18,17233734.618,16975153.398,1746165.988,34208888.016,-44540.02699999884,-113914.28499999642
2026-02-19,17200593.163,16894347.766999997,1746165.988,34094940.92999999,-33141.45500000194,-113947.08600001037
2026-02-20,17176865.724999998,16743368.987999998,1746165.988,33920234.713,-23727.438000001013,-174706.21699999273
2026-02-21,17176865.724999998,16743368.987999998,1746165.988,33920234.713,0.0,0.0
2026-02-22,17176865.724999998,16743368.987999998,1746165.988,33920234.713,0.0,0.0
2026-02-23,17143288.613,16631217.942,1752068.0270000002,33774506.555,-33577.11199999601,-145728.15799999982
2026-02-24,17143288.613,16557874.94,1752068.0270000002,33701163.553,0.0,-73343.0019999966
2026-02-25,17099789.784999996,16527749.36,1751296.403,33627539.144999996,-43498.828000005335,-73624.40800000727
2026-02-26,17098439.443,16389249.939,1744496.0410000002,33487689.382,-1350.3419999964535,-139849.76299999654
2026-02-27,17101111.686,16220023.354999999,1745557.024,33321135.041,2672.2430000007153,-166554.34099999815
2026-02-28,17101111.686,16220023.354999999,1745557.024,33321135.041,0.0,0.0
2026-03-01,17101111.686,16220023.354999999,1745557.024,33321135.041,0.0,0.0
2026-03-02,17035093.246,16136042.896,1745557.024,33171136.141999997,-66018.44000000134,-149998.89900000393
2026-03-03,17021189.991,16050408.036,1752407.964,33071598.027000003,-13903.254999998957,-99538.11499999464
2026-03-04,17001460.084,16039025.144999998,1690628.288,33040485.228999995,-19729.90700000152,-31112.798000007868
2026-03-05,17003460.084,16096833.584999997,1690628.288,33100293.668999996,2000.0,59808.44000000134
2026-03-06,16899869.562,16182008.867999997,1690628.288,33081878.429999996,-103590.52199999988,-18415.23900000006
2026-03-07,16899869.562,16182008.867999997,1690628.288,33081878.429999996,0.0,0.0
2026-03-08,16899869.562,16182008.867999997,1690628.288,33081878.429999996,0.0,0.0
2026-03-09,16838616.626,16074997.964999996,1717146.0099999995,32913614.590999994,-61252.936000000685,-168263.83900000155
2026-03-10,16838520.172999997,15882188.417999998,1717146.0099999995,32720708.590999994,-96.45300000160933,-192906.0
2026-03-11,16725380.804,15995327.787,1717146.0099999995,32720708.591,-113139.36899999715,3.725290298461914e-09
2026-03-12,16697449.280999998,15958957.309999999,1717146.0099999995,32656406.591,-27931.523000001907,-64302.0
2026-03-13,16695520.220999999,15856041.950000003,1735403.3969999999,32551562.171000004,-1929.059999998659,-104844.41999999434
2026-03-14,16695520.220999999,15856041.950000003,1735403.3969999999,32551562.171000004,0.0,0.0
2026-03-15,16695520.220999999,15856041.950000003,1735403.3969999999,32551562.171000004,0.0,0.0
2026-03-16,16672633.195999997,15723764.613000002,1746898.5909999998,32396397.809,-22887.025000002235,-155164.36200000346
2026-03-17,16760534.751999998,15475540.307000002,1746898.5909999998,32236075.059,87901.55600000173,-160322.75
2026-03-18,16658998.575,15481344.933999998,1736316.7419999999,32140343.508999996,-101536.17699999921,-95731.55000000447
2026-03-19,16642890.923999999,15411384.366999999,1746919.4729999998,32054275.290999997,-16107.651000000536,-86068.21799999848
2026-03-20,16518712.066,15535563.225000001,1767323.662,32054275.291,-124178.85799999908,3.725290298461914e-09
2026-03-21,16518712.066,15535563.225000001,1767323.662,32054275.291,0.0,0.0
2026-03-22,16518712.066,15535563.225000001,1767323.662,32054275.291,0.0,0.0
2026-03-23,16515220.936,15517321.219,1786528.4100000001,32032542.155,-3491.129999998957,-21733.13599999994
2026-04-03,16370000.000000002,14810000.0,,31180000.0,-145220.93599999882,-852542.1550000012
2026-04-04,16370000.000000002,14810000.0,,31180000.0,0.0,0.0
2026-04-05,16760000.000000002,15180000.0,,31950000.0,390000.0,770000.0
2026-04-06,16760000.000000002,15180000.0,,31950000.0,0.0,0.0
2026-04-07,16760000.000000002,15180000.0,,31950000.0,0.0,0.0
2026-04-08,16760000.000000002,15180000.0,,31950000.0,0.0,0.0
2026-04-09,16760000.000000002,15180000.0,,31950000.0,0.0,0.0
2026-04-10,16760000.000000002,15180000.0,,31950000.0,0.0,0.0
2026-04-11,16760000.000000002,15180000.0,,31950000.0,0.0,0.0
2026-04-12,16760000.000000002,15180000.0,,31950000.0,0.0,0.0
2026-04-13,16760000.000000002,15180000.0,,31950000.0,0.0,0.0
2026-04-14,16760000.000000002,15180000.0,,31950000.0,0.0,0.0
